Image_Names,Labels
20210428_115621_obj1_Good_H_position1_ht15cm.jpg.jpg,0
20210428_115728_obj2_Good_H_position1_ht15cm.jpg.jpg,0
20210428_115801_obj3_Good_H_position1_ht15cm.jpg.jpg,0
20210428_115825_obj4_Good_H_position1_ht15cm.jpg.jpg,0
20210428_115854_obj5_Good_H_position1_ht15cm.jpg.jpg,0
20210506_101626_obj1_Good_H_position1_ht15cm.jpg.jpg,0
20210506_101647_obj2_Good_H_position1_ht15cm.jpg.jpg,0
20210506_101711_obj3_Good_H_position1_ht15cm.jpg.jpg,0
20210506_101736_obj4_Good_H_position1_ht15cm.jpg.jpg,0
20210506_101755_obj5_Good_H_position1_ht15cm.jpg.jpg,0
21_04_19_16_30_obj1_Good_H_position1_ht15cm.jpg.jpg,0
21_04_19_16_42_obj2_Good_H_position1_ht15cm.jpg.jpg,0
21_04_19_16_54_obj3_Good_H_position1_ht15cm.jpg.jpg,0
21_04_19_17_10_obj4_Good_H_position1_ht15cm.jpg.jpg,0
21_04_19_17_22_obj5_Good_H_position1_ht15cm.jpg.jpg,0
WIN_20210806_12_24_55_Pro.jpg,1
WIN_20210806_12_25_17_Pro.jpg,1
WIN_20210806_12_25_34_Pro.jpg,1
WIN_20210806_12_25_42_Pro.jpg,1
WIN_20210806_12_26_02_Pro.jpg,1
WIN_20210806_12_26_12_Pro.jpg,1
WIN_20210806_12_26_50_Pro.jpg,1
WIN_20210806_13_00_14_Pro.jpg,1
WIN_20210806_13_00_39_Pro.jpg,1
WIN_20210806_13_00_57_Pro.jpg,1
WIN_20210806_13_50_51_Pro.jpg,1
WIN_20210806_13_51_04_Pro.jpg,1
WIN_20210806_13_51_09_Pro.jpg,1
WIN_20210806_13_51_16_Pro.jpg,1
WIN_20210806_13_52_19_Pro.jpg,1
WIN_20210806_13_52_46_Pro.jpg,1
WIN_20210806_13_52_55_Pro.jpg,1
WIN_20210806_13_53_06_Pro.jpg,1
WIN_20210806_14_20_55_Pro.jpg,1
WIN_20210806_14_22_13_Pro.jpg,1
WIN_20210806_14_22_39_Pro.jpg,1
WIN_20210806_14_36_47_Pro.jpg,1
WIN_20210806_14_41_08_Pro.jpg,1
WIN_20210806_14_51_17_Pro.jpg,1
WIN_20210809_10_12_09_Pro.jpg,1
WIN_20210809_10_12_22_Pro.jpg,1
WIN_20210809_10_12_30_Pro.jpg,1
WIN_20210809_10_13_05_Pro.jpg,1
WIN_20210809_10_13_22_Pro.jpg,1
WIN_20210809_10_13_35_Pro.jpg,1
WIN_20210809_10_15_16_Pro.jpg,1
WIN_20210809_11_47_46_Pro.jpg,1
WIN_20210809_11_48_23_Pro.jpg,1
WIN_20210809_11_48_36_Pro.jpg,1
WIN_20210809_11_48_45_Pro.jpg,1
WIN_20210809_11_49_51_Pro.jpg,1
WIN_20210809_11_49_57_Pro.jpg,1
WIN_20210809_11_50_02_Pro.jpg,1
WIN_20210809_11_50_06_Pro.jpg,1
WIN_20210809_11_59_36_Pro.jpg,1
WIN_20210809_12_00_21_Pro.jpg,1
WIN_20210809_12_34_47_Pro.jpg,1
WIN_20210809_12_48_46_Pro.jpg,1
WIN_20210809_12_57_21_Pro.jpg,1
WIN_20210809_12_58_10_Pro.jpg,1
WIN_20210809_13_06_03_Pro.jpg,1
WIN_20210809_13_19_35_Pro.jpg,1
WIN_20210809_13_19_42_Pro.jpg,1
WIN_20210809_13_19_49_Pro.jpg,1
WIN_20210810_15_38_46_Pro.jpg,1
WIN_20210810_15_39_14_Pro.jpg,1
WIN_20210810_15_39_50_Pro.jpg,1
WIN_20210810_15_39_58_Pro.jpg,1
WIN_20210810_15_40_07_Pro.jpg,1
WIN_20210810_15_40_41_Pro.jpg,1
WIN_20210810_15_41_04_Pro.jpg,1
WIN_20210810_15_41_19_Pro.jpg,1
WIN_20210810_15_42_46_Pro.jpg,1
WIN_20210810_15_43_00_Pro.jpg,1
WIN_20210810_15_43_14_Pro.jpg,1
WIN_20210810_15_43_42_Pro.jpg,1
WIN_20210810_15_43_48_Pro.jpg,1
WIN_20210810_15_44_05_Pro.jpg,1
WIN_20210810_15_54_27_Pro.jpg,1
WIN_20210810_15_54_51_Pro.jpg,1
WIN_20210810_15_55_34_Pro.jpg,1
WIN_20210810_15_56_45_Pro.jpg,1
WIN_20210810_16_01_01_Pro.jpg,1
WIN_20210810_16_03_11_Pro.jpg,1
WIN_20210810_16_04_58_Pro.jpg,1
WIN_20210810_16_06_58_Pro.jpg,1
WIN_20210810_16_09_06_Pro.jpg,1
WIN_20210810_16_12_51_Pro.jpg,1
WIN_20210810_16_14_53_Pro.jpg,1
WIN_20210810_16_16_09_Pro.jpg,1
WIN_20210810_16_20_06_Pro.jpg,1
WIN_20210810_16_20_29_Pro.jpg,1
WIN_20210810_16_34_49_Pro.jpg,1
WIN_20210810_16_34_59_Pro.jpg,1
WIN_20210810_16_45_11_Pro.jpg,1
WIN_20210810_16_45_41_Pro.jpg,1
WIN_20210810_16_45_52_Pro.jpg,1
WIN_20210810_16_45_57_Pro.jpg,1
WIN_20210810_16_46_00_Pro.jpg,1
WIN_20210810_16_46_29_Pro.jpg,1
WIN_20210810_16_48_07_Pro.jpg,1
WIN_20210810_16_49_48_Pro.jpg,1
WIN_20210810_16_52_40_Pro.jpg,1
WIN_20210810_16_57_34_Pro.jpg,1
WIN_20210810_16_57_59_Pro.jpg,1
WIN_20210810_16_59_31_Pro.jpg,1
WIN_20210810_17_03_26_Pro.jpg,1
WIN_20210810_17_03_42_Pro.jpg,1
WIN_20210810_17_04_50_Pro.jpg,1
WIN_20210810_17_05_18_Pro.jpg,1
WIN_20210810_17_06_35_Pro.jpg,1
WIN_20210810_17_09_36_Pro.jpg,1
WIN_20210810_17_11_15_Pro.jpg,1
WIN_20210810_17_11_23_Pro.jpg,1
WIN_20210810_17_11_42_Pro.jpg,1
WIN_20210810_17_11_50_Pro.jpg,1
WIN_20210810_17_15_26_Pro.jpg,1
WIN_20210810_17_15_58_Pro.jpg,1
WIN_20210810_17_18_57_Pro.jpg,1
WIN_20210810_17_19_55_Pro.jpg,1
WIN_20210810_17_20_05_Pro.jpg,1
WIN_20210810_17_22_31_Pro.jpg,1
WIN_20210810_17_23_37_Pro.jpg,1
WIN_20210810_17_23_51_Pro.jpg,1
WIN_20210810_17_24_27_Pro.jpg,1
WIN_20210810_17_25_07_Pro.jpg,1
WIN_20210810_17_26_44_Pro.jpg,1
WIN_20210810_17_26_58_Pro.jpg,1
WIN_20210810_17_27_21_Pro.jpg,1
WIN_20210810_17_28_11_Pro.jpg,1
WIN_20210810_17_29_23_Pro.jpg,1
WIN_20210810_17_32_31_Pro.jpg,1
WIN_20210824_15_21_33_Pro.jpg,1
WIN_20210824_15_21_40_Pro.jpg,1
WIN_20210824_15_21_45_Pro.jpg,1
WIN_20210824_15_21_54_Pro.jpg,1
WIN_20210824_15_21_58_Pro.jpg,1
WIN_20210824_15_22_03_Pro.jpg,1
WIN_20210824_15_22_07_Pro.jpg,1
WIN_20210824_15_22_12_Pro.jpg,1
WIN_20210824_15_33_42_Pro.jpg,1
WIN_20210824_15_38_06_Pro.jpg,1
WIN_20210824_15_39_36_Pro.jpg,1
WIN_20210824_15_41_29_Pro.jpg,1
WIN_20210824_15_43_37_Pro.jpg,1
WIN_20210824_15_45_00_Pro.jpg,1
WIN_20210824_15_45_54_Pro.jpg,1
WIN_20210824_15_49_28_Pro.jpg,1
WIN_20210824_16_04_16_Pro.jpg,1
WIN_20210824_16_15_48_Pro.jpg,1
WIN_20210824_16_17_18_Pro.jpg,1
WIN_20210824_16_19_26_Pro.jpg,1
WIN_20210824_16_25_42_Pro.jpg,1
WIN_20210824_16_43_43_Pro.jpg,1
WIN_20210824_16_43_48_Pro.jpg,1
WIN_20210824_17_02_18_Pro.jpg,1
WIN_20210824_17_05_03_Pro.jpg,1
WIN_20210824_17_06_06_Pro.jpg,1
WIN_20210824_17_07_09_Pro.jpg,1
WIN_20210824_17_10_24_Pro.jpg,1
WIN_20210824_17_12_16_Pro.jpg,1
WIN_20210824_17_12_31_Pro.jpg,1
WIN_20210806_12_26_50_Pro.jpg,2
WIN_20210806_12_28_51_Pro.jpg,2
WIN_20210806_12_29_42_Pro.jpg,2
WIN_20210806_12_29_59_Pro.jpg,2
WIN_20210806_12_30_41_Pro.jpg,2
WIN_20210806_12_31_06_Pro.jpg,2
WIN_20210806_12_31_32_Pro.jpg,2
WIN_20210806_12_31_49_Pro.jpg,2
WIN_20210806_12_32_31_Pro.jpg,2
WIN_20210806_12_32_42_Pro.jpg,2
WIN_20210806_12_33_47_Pro.jpg,2
WIN_20210806_12_34_45_Pro.jpg,2
WIN_20210806_12_35_02_Pro.jpg,2
WIN_20210806_12_35_11_Pro.jpg,2
WIN_20210806_12_35_26_Pro.jpg,2
WIN_20210806_12_36_24_Pro.jpg,2
WIN_20210806_12_36_35_Pro.jpg,2
WIN_20210806_12_37_06_Pro.jpg,2
WIN_20210806_12_37_20_Pro.jpg,2
WIN_20210806_12_37_40_Pro.jpg,2
WIN_20210806_12_37_54_Pro.jpg,2
WIN_20210806_12_38_06_Pro.jpg,2
WIN_20210806_12_38_35_Pro.jpg,2
WIN_20210806_12_38_47_Pro.jpg,2
WIN_20210806_12_38_56_Pro.jpg,2
WIN_20210806_12_39_11_Pro.jpg,2
WIN_20210806_12_39_24_Pro.jpg,2
WIN_20210806_12_40_20_Pro.jpg,2
WIN_20210806_12_40_29_Pro.jpg,2
WIN_20210806_12_44_33_Pro.jpg,2
WIN_20210806_12_44_43_Pro.jpg,2
WIN_20210806_12_44_52_Pro.jpg,2
WIN_20210806_12_45_11_Pro.jpg,2
WIN_20210806_12_45_21_Pro.jpg,2
WIN_20210806_13_01_36_Pro.jpg,2
WIN_20210806_13_02_13_Pro.jpg,2
WIN_20210806_13_02_22_Pro.jpg,2
WIN_20210806_13_02_29_Pro.jpg,2
WIN_20210806_13_02_41_Pro.jpg,2
WIN_20210806_13_02_51_Pro.jpg,2
WIN_20210806_13_03_18_Pro.jpg,2
WIN_20210806_13_53_47_Pro.jpg,2
WIN_20210806_13_53_56_Pro.jpg,2
WIN_20210806_13_54_06_Pro.jpg,2
WIN_20210806_13_54_49_Pro.jpg,2
WIN_20210806_13_55_27_Pro.jpg,2
WIN_20210806_13_55_37_Pro.jpg,2
WIN_20210806_13_55_45_Pro.jpg,2
WIN_20210806_13_55_55_Pro.jpg,2
WIN_20210806_13_56_03_Pro.jpg,2
WIN_20210806_13_56_13_Pro.jpg,2
WIN_20210806_13_56_23_Pro.jpg,2
WIN_20210806_13_56_33_Pro.jpg,2
WIN_20210806_13_56_41_Pro.jpg,2
WIN_20210806_13_58_52_Pro.jpg,2
WIN_20210806_14_00_15_Pro.jpg,2
WIN_20210806_14_00_49_Pro.jpg,2
WIN_20210806_14_24_00_Pro.jpg,2
WIN_20210806_14_24_19_Pro.jpg,2
WIN_20210806_14_24_47_Pro.jpg,2
WIN_20210806_14_25_09_Pro.jpg,2
WIN_20210806_14_26_17_Pro.jpg,2
WIN_20210806_14_26_27_Pro.jpg,2
WIN_20210806_14_26_33_Pro.jpg,2
WIN_20210806_14_26_46_Pro.jpg,2
WIN_20210806_14_27_36_Pro.jpg,2
WIN_20210806_14_28_43_Pro.jpg,2
WIN_20210806_14_29_31_Pro.jpg,2
WIN_20210806_14_29_58_Pro.jpg,2
WIN_20210806_14_30_18_Pro.jpg,2
WIN_20210806_14_30_29_Pro.jpg,2
WIN_20210806_14_31_16_Pro.jpg,2
WIN_20210806_14_31_30_Pro.jpg,2
WIN_20210806_14_32_11_Pro.jpg,2
WIN_20210806_14_32_37_Pro.jpg,2
WIN_20210806_14_32_58_Pro.jpg,2
WIN_20210806_14_33_46_Pro.jpg,2
WIN_20210806_14_34_07_Pro.jpg,2
WIN_20210806_14_34_19_Pro.jpg,2
WIN_20210806_14_34_41_Pro.jpg,2
WIN_20210806_14_39_07_Pro.jpg,2
WIN_20210806_14_39_39_Pro.jpg,2
WIN_20210806_14_47_12_Pro.jpg,2
WIN_20210806_14_47_34_Pro.jpg,2
WIN_20210806_14_47_45_Pro.jpg,2
WIN_20210806_14_48_03_Pro.jpg,2
WIN_20210806_14_52_16_Pro.jpg,2
WIN_20210806_14_52_30_Pro.jpg,2
WIN_20210809_11_54_27_Pro.jpg,2
WIN_20210809_11_54_39_Pro.jpg,2
WIN_20210809_11_54_49_Pro.jpg,2
WIN_20210809_11_56_20_Pro.jpg,2
WIN_20210809_11_56_32_Pro.jpg,2
WIN_20210809_12_00_21_Pro.jpg,2
WIN_20210809_12_01_19_Pro.jpg,2
WIN_20210809_12_01_25_Pro.jpg,2
WIN_20210809_12_01_31_Pro.jpg,2
WIN_20210809_12_01_40_Pro.jpg,2
WIN_20210809_12_02_12_Pro.jpg,2
WIN_20210809_12_02_22_Pro.jpg,2
WIN_20210809_12_02_27_Pro.jpg,2
WIN_20210809_12_02_59_Pro.jpg,2
WIN_20210809_12_03_06_Pro.jpg,2
WIN_20210809_12_03_12_Pro.jpg,2
WIN_20210809_12_03_23_Pro.jpg,2
WIN_20210809_12_03_36_Pro.jpg,2
WIN_20210809_12_03_45_Pro.jpg,2
WIN_20210809_12_03_53_Pro.jpg,2
WIN_20210809_12_04_06_Pro.jpg,2
WIN_20210809_12_04_14_Pro.jpg,2
WIN_20210809_12_04_24_Pro.jpg,2
WIN_20210809_12_04_38_Pro.jpg,2
WIN_20210809_12_04_47_Pro.jpg,2
WIN_20210809_12_04_57_Pro.jpg,2
WIN_20210809_12_05_13_Pro.jpg,2
WIN_20210809_12_05_26_Pro.jpg,2
WIN_20210809_12_05_37_Pro.jpg,2
WIN_20210809_12_07_56_Pro.jpg,2
WIN_20210809_12_08_24_Pro.jpg,2
WIN_20210809_12_08_44_Pro.jpg,2
WIN_20210809_12_09_07_Pro.jpg,2
WIN_20210809_12_09_17_Pro.jpg,2
WIN_20210809_12_09_31_Pro.jpg,2
WIN_20210809_12_09_51_Pro.jpg,2
WIN_20210809_12_10_10_Pro.jpg,2
WIN_20210809_12_10_47_Pro.jpg,2
WIN_20210809_12_10_58_Pro.jpg,2
WIN_20210809_12_21_29_Pro.jpg,2
WIN_20210809_12_22_52_Pro.jpg,2
WIN_20210809_12_23_09_Pro.jpg,2
WIN_20210809_12_23_27_Pro.jpg,2
WIN_20210809_12_24_54_Pro.jpg,2
WIN_20210809_12_25_14_Pro.jpg,2
WIN_20210809_12_25_26_Pro.jpg,2
WIN_20210809_12_25_35_Pro.jpg,2
WIN_20210809_12_25_46_Pro.jpg,2
WIN_20210809_12_25_55_Pro.jpg,2
WIN_20210809_12_26_01_Pro.jpg,2
WIN_20210809_12_26_58_Pro.jpg,2
WIN_20210809_12_27_11_Pro.jpg,2
WIN_20210809_12_27_19_Pro.jpg,2
WIN_20210809_12_27_45_Pro.jpg,2
WIN_20210809_12_28_09_Pro.jpg,2
WIN_20210809_12_28_23_Pro.jpg,2
WIN_20210809_12_28_40_Pro.jpg,2
WIN_20210809_12_29_04_Pro.jpg,2
WIN_20210809_12_29_20_Pro.jpg,2
WIN_20210809_12_29_35_Pro.jpg,2
WIN_20210809_12_29_49_Pro.jpg,2
WIN_20210809_12_30_01_Pro.jpg,2
WIN_20210809_12_30_44_Pro.jpg,2
WIN_20210809_12_30_54_Pro.jpg,2
WIN_20210809_12_31_07_Pro.jpg,2
WIN_20210809_12_31_32_Pro.jpg,2
WIN_20210809_12_31_39_Pro.jpg,2
WIN_20210809_12_31_53_Pro.jpg,2
WIN_20210809_12_32_15_Pro.jpg,2
WIN_20210809_12_32_26_Pro.jpg,2
WIN_20210809_12_32_32_Pro.jpg,2
WIN_20210809_12_32_43_Pro.jpg,2
WIN_20210809_12_32_55_Pro.jpg,2
WIN_20210809_12_33_01_Pro.jpg,2
WIN_20210809_12_33_16_Pro.jpg,2
WIN_20210809_12_33_28_Pro.jpg,2
WIN_20210809_12_33_33_Pro.jpg,2
WIN_20210809_12_39_26_Pro.jpg,2
WIN_20210809_12_39_36_Pro.jpg,2
WIN_20210809_12_42_36_Pro.jpg,2
WIN_20210809_12_43_15_Pro.jpg,2
WIN_20210809_12_44_00_Pro.jpg,2
WIN_20210809_12_46_03_Pro.jpg,2
WIN_20210809_12_46_16_Pro.jpg,2
WIN_20210809_12_47_09_Pro.jpg,2
WIN_20210809_12_47_35_Pro.jpg,2
WIN_20210809_12_49_59_Pro.jpg,2
WIN_20210809_12_50_09_Pro.jpg,2
WIN_20210809_12_50_20_Pro.jpg,2
WIN_20210809_12_50_34_Pro.jpg,2
WIN_20210809_12_50_46_Pro.jpg,2
WIN_20210809_12_51_03_Pro.jpg,2
WIN_20210809_12_51_16_Pro.jpg,2
WIN_20210809_12_51_33_Pro.jpg,2
WIN_20210809_12_52_46_Pro.jpg,2
WIN_20210809_12_52_59_Pro.jpg,2
WIN_20210809_12_53_13_Pro.jpg,2
WIN_20210809_12_54_29_Pro.jpg,2
WIN_20210809_12_54_34_Pro.jpg,2
WIN_20210809_12_54_47_Pro.jpg,2
WIN_20210809_12_55_35_Pro.jpg,2
WIN_20210809_12_56_14_Pro.jpg,2
WIN_20210809_12_59_36_Pro.jpg,2
WIN_20210809_12_59_54_Pro.jpg,2
WIN_20210810_15_38_09_Pro.jpg,2
WIN_20210810_15_45_15_Pro.jpg,2
WIN_20210810_15_45_27_Pro.jpg,2
WIN_20210810_15_46_04_Pro.jpg,2
WIN_20210810_15_46_33_Pro.jpg,2
WIN_20210810_15_46_43_Pro.jpg,2
WIN_20210810_15_46_57_Pro.jpg,2
WIN_20210810_15_47_08_Pro.jpg,2
WIN_20210810_15_47_16_Pro.jpg,2
WIN_20210810_15_47_30_Pro.jpg,2
WIN_20210810_15_47_54_Pro.jpg,2
WIN_20210810_15_48_05_Pro.jpg,2
WIN_20210810_15_48_49_Pro.jpg,2
WIN_20210810_15_49_33_Pro.jpg,2
WIN_20210810_15_50_31_Pro.jpg,2
WIN_20210810_15_50_47_Pro.jpg,2
WIN_20210810_15_51_10_Pro.jpg,2
WIN_20210810_15_51_23_Pro.jpg,2
WIN_20210810_15_51_38_Pro.jpg,2
WIN_20210810_15_51_53_Pro.jpg,2
WIN_20210810_15_52_14_Pro.jpg,2
WIN_20210810_15_54_53_Pro.jpg,2
WIN_20210810_15_59_04_Pro.jpg,2
WIN_20210810_15_59_15_Pro.jpg,2
WIN_20210810_15_59_21_Pro.jpg,2
WIN_20210810_15_59_25_Pro.jpg,2
WIN_20210810_15_59_34_Pro.jpg,2
WIN_20210810_15_59_39_Pro.jpg,2
WIN_20210810_15_59_44_Pro.jpg,2
WIN_20210810_15_59_49_Pro.jpg,2
WIN_20210810_16_04_12_Pro.jpg,2
WIN_20210810_16_10_13_Pro.jpg,2
WIN_20210810_16_10_48_Pro.jpg,2
WIN_20210810_16_11_02_Pro.jpg,2
WIN_20210810_16_13_41_Pro.jpg,2
WIN_20210810_16_13_54_Pro.jpg,2
WIN_20210810_16_14_53_Pro.jpg,2
WIN_20210810_16_16_28_Pro.jpg,2
WIN_20210810_16_16_35_Pro.jpg,2
WIN_20210810_16_16_39_Pro.jpg,2
WIN_20210810_16_16_45_Pro.jpg,2
WIN_20210810_16_16_51_Pro.jpg,2
WIN_20210810_16_21_01_Pro.jpg,2
WIN_20210810_16_21_40_Pro.jpg,2
WIN_20210810_16_22_17_Pro.jpg,2
WIN_20210810_16_22_35_Pro.jpg,2
WIN_20210810_16_23_01_Pro.jpg,2
WIN_20210810_16_23_41_Pro.jpg,2
WIN_20210810_16_25_32_Pro.jpg,2
WIN_20210810_16_26_27_Pro.jpg,2
WIN_20210810_16_34_59_Pro.jpg,2
WIN_20210810_16_35_43_Pro.jpg,2
WIN_20210810_16_35_51_Pro.jpg,2
WIN_20210810_16_35_56_Pro.jpg,2
WIN_20210810_16_36_13_Pro.jpg,2
WIN_20210810_16_36_19_Pro.jpg,2
WIN_20210810_16_36_46_Pro.jpg,2
WIN_20210810_16_36_59_Pro.jpg,2
WIN_20210810_16_37_10_Pro.jpg,2
WIN_20210810_16_37_23_Pro.jpg,2
WIN_20210810_16_37_34_Pro.jpg,2
WIN_20210810_16_37_41_Pro.jpg,2
WIN_20210810_16_37_49_Pro.jpg,2
WIN_20210810_16_37_56_Pro.jpg,2
WIN_20210810_16_38_03_Pro.jpg,2
WIN_20210810_16_38_08_Pro.jpg,2
WIN_20210810_16_38_16_Pro.jpg,2
WIN_20210810_16_38_23_Pro.jpg,2
WIN_20210810_16_38_28_Pro.jpg,2
WIN_20210810_16_38_38_Pro.jpg,2
WIN_20210810_16_38_51_Pro.jpg,2
WIN_20210810_16_41_17_Pro.jpg,2
WIN_20210810_16_41_45_Pro.jpg,2
WIN_20210810_16_42_39_Pro.jpg,2
WIN_20210810_16_42_44_Pro.jpg,2
WIN_20210810_16_43_05_Pro.jpg,2
WIN_20210810_16_43_51_Pro.jpg,2
WIN_20210810_16_44_25_Pro.jpg,2
WIN_20210810_16_49_48_Pro.jpg,2
WIN_20210810_16_50_32_Pro.jpg,2
WIN_20210810_16_50_41_Pro.jpg,2
WIN_20210810_16_50_47_Pro.jpg,2
WIN_20210810_16_50_51_Pro.jpg,2
WIN_20210810_16_50_55_Pro.jpg,2
WIN_20210810_16_51_00_Pro.jpg,2
WIN_20210810_16_51_04_Pro.jpg,2
WIN_20210810_16_51_10_Pro.jpg,2
WIN_20210810_16_51_14_Pro.jpg,2
WIN_20210810_16_51_18_Pro.jpg,2
WIN_20210810_16_55_11_Pro.jpg,2
WIN_20210810_16_57_02_Pro.jpg,2
WIN_20210810_16_58_37_Pro.jpg,2
WIN_20210810_16_59_13_Pro.jpg,2
WIN_20210810_17_00_49_Pro.jpg,2
WIN_20210810_17_00_56_Pro.jpg,2
WIN_20210810_17_02_02_Pro.jpg,2
WIN_20210810_17_04_19_Pro.jpg,2
WIN_20210810_17_07_02_Pro.jpg,2
WIN_20210810_17_07_08_Pro.jpg,2
WIN_20210810_17_07_45_Pro.jpg,2
WIN_20210810_17_07_49_Pro.jpg,2
WIN_20210810_17_08_02_Pro.jpg,2
WIN_20210810_17_08_10_Pro.jpg,2
WIN_20210810_17_09_36_Pro.jpg,2
WIN_20210810_17_12_34_Pro.jpg,2
WIN_20210810_17_12_43_Pro.jpg,2
WIN_20210810_17_12_51_Pro.jpg,2
WIN_20210810_17_13_07_Pro.jpg,2
WIN_20210810_17_13_20_Pro.jpg,2
WIN_20210810_17_13_30_Pro.jpg,2
WIN_20210810_17_14_14_Pro.jpg,2
WIN_20210810_17_14_21_Pro.jpg,2
WIN_20210810_17_14_29_Pro.jpg,2
WIN_20210810_17_14_45_Pro.jpg,2
WIN_20210810_17_14_54_Pro.jpg,2
WIN_20210810_17_15_02_Pro.jpg,2
WIN_20210810_17_15_58_Pro.jpg,2
WIN_20210810_17_16_48_Pro.jpg,2
WIN_20210810_17_16_58_Pro.jpg,2
WIN_20210810_17_17_06_Pro.jpg,2
WIN_20210810_17_18_12_Pro.jpg,2
WIN_20210810_17_18_19_Pro.jpg,2
WIN_20210810_17_19_31_Pro.jpg,2
WIN_20210810_17_19_46_Pro.jpg,2
WIN_20210810_17_19_55_Pro.jpg,2
WIN_20210810_17_20_05_Pro.jpg,2
WIN_20210810_17_21_26_Pro.jpg,2
WIN_20210810_17_21_45_Pro.jpg,2
WIN_20210810_17_22_08_Pro.jpg,2
WIN_20210810_17_23_18_Pro.jpg,2
WIN_20210810_17_23_37_Pro.jpg,2
WIN_20210810_17_25_40_Pro.jpg,2
WIN_20210810_17_25_45_Pro.jpg,2
WIN_20210810_17_25_52_Pro.jpg,2
WIN_20210810_17_25_59_Pro.jpg,2
WIN_20210810_17_26_10_Pro.jpg,2
WIN_20210810_17_26_16_Pro.jpg,2
WIN_20210810_17_27_45_Pro.jpg,2
WIN_20210810_17_29_23_Pro.jpg,2
WIN_20210810_17_30_01_Pro.jpg,2
WIN_20210810_17_30_14_Pro.jpg,2
WIN_20210810_17_30_19_Pro.jpg,2
WIN_20210810_17_30_31_Pro.jpg,2
WIN_20210810_17_31_43_Pro.jpg,2
WIN_20210810_17_32_07_Pro.jpg,2
WIN_20210810_17_32_20_Pro.jpg,2
WIN_20210810_17_32_31_Pro.jpg,2
WIN_20210810_17_32_52_Pro.jpg,2
WIN_20210810_17_33_14_Pro.jpg,2
WIN_20210810_17_33_27_Pro.jpg,2
WIN_20210824_15_15_25_Pro.jpg,2
WIN_20210824_15_16_10_Pro.jpg,2
WIN_20210824_15_19_21_Pro.jpg,2
WIN_20210824_15_19_38_Pro.jpg,2
WIN_20210824_15_19_57_Pro.jpg,2
WIN_20210824_15_20_08_Pro.jpg,2
WIN_20210824_15_20_18_Pro.jpg,2
WIN_20210824_15_20_22_Pro.jpg,2
WIN_20210824_15_20_28_Pro.jpg,2
WIN_20210824_15_26_48_Pro.jpg,2
WIN_20210824_15_31_11_Pro.jpg,2
WIN_20210824_15_31_35_Pro.jpg,2
WIN_20210824_15_33_21_Pro.jpg,2
WIN_20210824_15_33_42_Pro.jpg,2
WIN_20210824_15_34_26_Pro.jpg,2
WIN_20210824_15_35_17_Pro.jpg,2
WIN_20210824_15_35_41_Pro.jpg,2
WIN_20210824_15_35_50_Pro.jpg,2
WIN_20210824_15_37_36_Pro.jpg,2
WIN_20210824_15_43_01_Pro.jpg,2
WIN_20210824_15_45_29_Pro.jpg,2
WIN_20210824_15_46_10_Pro.jpg,2
WIN_20210824_15_48_36_Pro.jpg,2
WIN_20210824_15_49_59_Pro.jpg,2
WIN_20210824_15_51_12_Pro.jpg,2
WIN_20210824_15_55_27_Pro.jpg,2
WIN_20210824_15_55_38_Pro.jpg,2
WIN_20210824_15_56_10_Pro.jpg,2
WIN_20210824_15_57_48_Pro.jpg,2
WIN_20210824_16_03_47_Pro.jpg,2
WIN_20210824_16_03_53_Pro.jpg,2
WIN_20210824_16_03_59_Pro.jpg,2
WIN_20210824_16_04_50_Pro.jpg,2
WIN_20210824_16_06_21_Pro.jpg,2
WIN_20210824_16_10_44_Pro.jpg,2
WIN_20210824_16_12_53_Pro.jpg,2
WIN_20210824_16_23_51_Pro.jpg,2
WIN_20210824_16_25_17_Pro.jpg,2
WIN_20210824_16_27_02_Pro.jpg,2
WIN_20210824_16_27_15_Pro.jpg,2
WIN_20210824_16_38_11_Pro.jpg,2
WIN_20210824_16_38_15_Pro.jpg,2
WIN_20210824_17_00_11_Pro.jpg,2
WIN_20210824_17_00_24_Pro.jpg,2
WIN_20210824_17_00_28_Pro.jpg,2
WIN_20210824_17_00_41_Pro.jpg,2
WIN_010210810_16_12_216_Pro.jpg,3
WIN_1230210810_16_24_416_Pro.jpg,3
WIN_130210810_16_11_314_Pro.jpg,3
WIN_20210806_12_22_54_Pro.jpg,3
WIN_20210806_12_23_11_Pro.jpg,3
WIN_20210806_12_23_29_Pro.jpg,3
WIN_20210806_12_23_43_Pro.jpg,3
WIN_20210806_12_59_12_Pro.jpg,3
WIN_20210806_14_15_15_Pro.jpg,3
WIN_20210806_14_20_29_Pro.jpg,3
WIN_20210806_14_49_11_Pro.jpg,3
WIN_20210809_10_09_22_Pro.jpg,3
WIN_20210809_10_10_32_Pro.jpg,3
WIN_20210809_10_10_42_Pro.jpg,3
WIN_20210809_10_10_53_Pro.jpg,3
WIN_20210809_10_11_04_Pro.jpg,3
WIN_20210809_11_50_53_Pro.jpg,3
WIN_20210809_11_51_00_Pro.jpg,3
WIN_20210809_11_51_05_Pro.jpg,3
WIN_20210810_15_35_52_Pro.jpg,3
WIN_20210810_15_36_11_Pro.jpg,3
WIN_20210810_15_36_21_Pro.jpg,3
WIN_20210810_15_36_43_Pro.jpg,3
WIN_20210810_15_37_01_Pro.jpg,3
WIN_20210810_15_55_52_Pro.jpg,3
WIN_20210810_16_02_29_Pro.jpg,3
WIN_20210810_16_11_34_Pro.jpg,3
WIN_20210810_16_12_26_Pro.jpg,3
WIN_20210810_16_24_46_Pro.jpg,3
WIN_20210824_15_22_30_Pro.jpg,3
WIN_20210824_15_22_35_Pro.jpg,3
WIN_20210824_15_22_42_Pro.jpg,3
WIN_20210824_15_22_45_Pro.jpg,3
WIN_20210824_15_22_49_Pro.jpg,3
WIN_20210824_15_22_53_Pro.jpg,3
WIN_20210824_15_22_57_Pro.jpg,3
WIN_20210824_15_23_02_Pro.jpg,3
WIN_20210824_15_23_56_Pro.jpg,3
WIN_20210824_15_24_16_Pro.jpg,3
WIN_20210824_15_24_20_Pro.jpg,3
WIN_20210824_15_24_25_Pro.jpg,3
WIN_20210824_15_24_29_Pro.jpg,3
WIN_20210824_15_30_01_Pro.jpg,3
WIN_20210824_15_36_21_Pro.jpg,3
WIN_20210824_15_38_47_Pro.jpg,3
WIN_20210824_15_40_34_Pro.jpg,3
WIN_20210824_15_42_26_Pro.jpg,3
WIN_20210824_15_42_49_Pro.jpg,3
WIN_20210824_15_44_12_Pro.jpg,3
WIN_20210824_15_48_10_Pro.jpg,3
WIN_20210824_15_50_48_Pro.jpg,3
WIN_20210824_15_54_00_Pro.jpg,3
WIN_20210824_15_57_23_Pro.jpg,3
WIN_20210824_15_58_27_Pro.jpg,3
WIN_20210824_16_04_50_Pro.jpg,3
WIN_20210824_16_06_07_Pro.jpg,3
WIN_20210824_16_08_27_Pro.jpg,3
WIN_20210824_16_08_31_Pro.jpg,3
WIN_20210824_16_09_44_Pro.jpg,3
WIN_20210824_16_15_00_Pro.jpg,3
WIN_20210824_16_15_08_Pro.jpg,3
WIN_20210824_16_28_11_Pro.jpg,3
WIN_20210824_16_42_43_Pro.jpg,3
WIN_20210824_16_44_21_Pro.jpg,3
WIN_20210824_16_54_09_Pro.jpg,3
WIN_20210824_16_56_59_Pro.jpg,3
WIN_20210824_17_01_41_Pro.jpg,3
WIN_20210824_17_02_44_Pro.jpg,3
WIN_20210824_17_04_40_Pro.jpg,3
WIN_20210824_17_11_11_Pro.jpg,3
WIN_20210824_17_11_49_Pro.jpg,3
WIN_30210810_15_36_111_Pro.jpg,3
WIN_40210810_15_36_211_Pro.jpg,3
WIN_50210810_15_36_413_Pro.jpg,3
WIN_60210810_15_37_011_Pro.jpg,3
WIN_70210810_15_55_512_Pro.jpg,3
WIN_80210810_16_02_219_Pro.jpg,3
WIN_90210810_15_356_52_Pro.jpg,3
